[{"model": "app_car_reviews.country", "pk": 1, "fields": {"name": "Country_1"}}, {"model": "app_car_reviews.country", "pk": 2, "fields": {"name": "Country_2"}}, {"model": "app_car_reviews.country", "pk": 3, "fields": {"name": "Country_3"}}, {"model": "app_car_reviews.country", "pk": 4, "fields": {"name": "Country_4"}}, {"model": "app_car_reviews.country", "pk": 5, "fields": {"name": "Country_5"}}, {"model": "app_car_reviews.country", "pk": 6, "fields": {"name": "Country_6"}}, {"model": "app_car_reviews.country", "pk": 7, "fields": {"name": "Country_7"}}, {"model": "app_car_reviews.country", "pk": 8, "fields": {"name": "Country_8"}}, {"model": "app_car_reviews.country", "pk": 9, "fields": {"name": "Country_9"}}, {"model": "app_car_reviews.country", "pk": 10, "fields": {"name": "Country_10"}}, {"model": "app_car_reviews.manufacturer", "pk": 1, "fields": {"name": "Manufacture_1", "country": 4}}, {"model": "app_car_reviews.manufacturer", "pk": 2, "fields": {"name": "Manufacture_2", "country": 7}}, {"model": "app_car_reviews.manufacturer", "pk": 3, "fields": {"name": "Manufacture_3", "country": 9}}, {"model": "app_car_reviews.manufacturer", "pk": 4, "fields": {"name": "Manufacture_4", "country": 5}}, {"model": "app_car_reviews.manufacturer", "pk": 5, "fields": {"name": "Manufacture_5", "country": 1}}, {"model": "app_car_reviews.manufacturer", "pk": 6, "fields": {"name": "Manufacture_6", "country": 4}}, {"model": "app_car_reviews.manufacturer", "pk": 7, "fields": {"name": "Manufacture_7", "country": 7}}, {"model": "app_car_reviews.manufacturer", "pk": 8, "fields": {"name": "Manufacture_8", "country": 9}}, {"model": "app_car_reviews.manufacturer", "pk": 9, "fields": {"name": "Manufacture_9", "country": 1}}, {"model": "app_car_reviews.manufacturer", "pk": 10, "fields": {"name": "Manufacture_10", "country": 9}}, {"model": "app_car_reviews.manufacturer", "pk": 11, "fields": {"name": "Manufacture_11", "country": 8}}, {"model": "app_car_reviews.manufacturer", "pk": 12, "fields": {"name": "Manufacture_12", "country": 8}}, {"model": "app_car_reviews.manufacturer", "pk": 13, "fields": {"name": "Manufacture_13", "country": 3}}, {"model": "app_car_reviews.manufacturer", "pk": 14, "fields": {"name": "Manufacture_14", "country": 8}}, {"model": "app_car_reviews.manufacturer", "pk": 15, "fields": {"name": "Manufacture_15", "country": 6}}, {"model": "app_car_reviews.manufacturer", "pk": 16, "fields": {"name": "Manufacture_16", "country": 6}}, {"model": "app_car_reviews.manufacturer", "pk": 17, "fields": {"name": "Manufacture_17", "country": 6}}, {"model": "app_car_reviews.manufacturer", "pk": 18, "fields": {"name": "Manufacture_18", "country": 5}}, {"model": "app_car_reviews.manufacturer", "pk": 19, "fields": {"name": "Manufacture_19", "country": 9}}, {"model": "app_car_reviews.manufacturer", "pk": 20, "fields": {"name": "Manufacture_20", "country": 7}}, {"model": "app_car_reviews.manufacturer", "pk": 21, "fields": {"name": "Manufacture_21", "country": 3}}, {"model": "app_car_reviews.manufacturer", "pk": 22, "fields": {"name": "Manufacture_22", "country": 8}}, {"model": "app_car_reviews.manufacturer", "pk": 23, "fields": {"name": "Manufacture_23", "country": 3}}, {"model": "app_car_reviews.manufacturer", "pk": 24, "fields": {"name": "Manufacture_24", "country": 1}}, {"model": "app_car_reviews.manufacturer", "pk": 25, "fields": {"name": "Manufacture_25", "country": 1}}, {"model": "app_car_reviews.manufacturer", "pk": 26, "fields": {"name": "Manufacture_26", "country": 5}}, {"model": "app_car_reviews.manufacturer", "pk": 27, "fields": {"name": "Manufacture_27", "country": 8}}, {"model": "app_car_reviews.manufacturer", "pk": 28, "fields": {"name": "Manufacture_28", "country": 5}}, {"model": "app_car_reviews.manufacturer", "pk": 29, "fields": {"name": "Manufacture_29", "country": 2}}, {"model": "app_car_reviews.manufacturer", "pk": 30, "fields": {"name": "Manufacture_30", "country": 5}}, {"model": "app_car_reviews.manufacturer", "pk": 31, "fields": {"name": "Manufacture_31", "country": 7}}, {"model": "app_car_reviews.manufacturer", "pk": 32, "fields": {"name": "Manufacture_32", "country": 1}}, {"model": "app_car_reviews.manufacturer", "pk": 33, "fields": {"name": "Manufacture_33", "country": 5}}, {"model": "app_car_reviews.manufacturer", "pk": 34, "fields": {"name": "Manufacture_34", "country": 4}}, {"model": "app_car_reviews.manufacturer", "pk": 35, "fields": {"name": "Manufacture_35", "country": 7}}, {"model": "app_car_reviews.manufacturer", "pk": 36, "fields": {"name": "Manufacture_36", "country": 9}}, {"model": "app_car_reviews.manufacturer", "pk": 37, "fields": {"name": "Manufacture_37", "country": 2}}, {"model": "app_car_reviews.manufacturer", "pk": 38, "fields": {"name": "Manufacture_38", "country": 9}}, {"model": "app_car_reviews.manufacturer", "pk": 39, "fields": {"name": "Manufacture_39", "country": 4}}, {"model": "app_car_reviews.manufacturer", "pk": 40, "fields": {"name": "Manufacture_40", "country": 5}}, {"model": "app_car_reviews.manufacturer", "pk": 41, "fields": {"name": "Manufacture_41", "country": 7}}, {"model": "app_car_reviews.manufacturer", "pk": 42, "fields": {"name": "Manufacture_42", "country": 1}}, {"model": "app_car_reviews.manufacturer", "pk": 43, "fields": {"name": "Manufacture_43", "country": 9}}, {"model": "app_car_reviews.manufacturer", "pk": 44, "fields": {"name": "Manufacture_44", "country": 5}}, {"model": "app_car_reviews.manufacturer", "pk": 45, "fields": {"name": "Manufacture_45", "country": 5}}, {"model": "app_car_reviews.manufacturer", "pk": 46, "fields": {"name": "Manufacture_46", "country": 6}}, {"model": "app_car_reviews.manufacturer", "pk": 47, "fields": {"name": "Manufacture_47", "country": 8}}, {"model": "app_car_reviews.manufacturer", "pk": 48, "fields": {"name": "Manufacture_48", "country": 6}}, {"model": "app_car_reviews.manufacturer", "pk": 49, "fields": {"name": "Manufacture_49", "country": 4}}, {"model": "app_car_reviews.manufacturer", "pk": 50, "fields": {"name": "Manufacture_50", "country": 7}}, {"model": "app_car_reviews.car", "pk": 1, "fields": {"name": "Car_1", "manufacturer": 14, "release_year": 1996, "end_year": 2012}}, {"model": "app_car_reviews.car", "pk": 2, "fields": {"name": "Car_2", "manufacturer": 42, "release_year": 1991, "end_year": 2015}}, {"model": "app_car_reviews.car", "pk": 3, "fields": {"name": "Car_3", "manufacturer": 6, "release_year": 1992, "end_year": 2006}}, {"model": "app_car_reviews.car", "pk": 4, "fields": {"name": "Car_4", "manufacturer": 12, "release_year": 1992, "end_year": 2012}}, {"model": "app_car_reviews.car", "pk": 5, "fields": {"name": "Car_5", "manufacturer": 32, "release_year": 1996, "end_year": 2010}}, {"model": "app_car_reviews.car", "pk": 6, "fields": {"name": "Car_6", "manufacturer": 41, "release_year": 1999, "end_year": 2021}}, {"model": "app_car_reviews.car", "pk": 7, "fields": {"name": "Car_7", "manufacturer": 36, "release_year": 1996, "end_year": 2016}}, {"model": "app_car_reviews.car", "pk": 8, "fields": {"name": "Car_8", "manufacturer": 26, "release_year": 1996, "end_year": 2015}}, {"model": "app_car_reviews.car", "pk": 9, "fields": {"name": "Car_9", "manufacturer": 21, "release_year": 1993, "end_year": 2003}}, {"model": "app_car_reviews.car", "pk": 10, "fields": {"name": "Car_10", "manufacturer": 14, "release_year": 1992, "end_year": 2012}}, {"model": "app_car_reviews.car", "pk": 11, "fields": {"name": "Car_11", "manufacturer": 11, "release_year": 1999, "end_year": 2012}}, {"model": "app_car_reviews.car", "pk": 12, "fields": {"name": "Car_12", "manufacturer": 36, "release_year": 1997, "end_year": 2005}}, {"model": "app_car_reviews.car", "pk": 13, "fields": {"name": "Car_13", "manufacturer": 7, "release_year": 1991, "end_year": 2010}}, {"model": "app_car_reviews.car", "pk": 14, "fields": {"name": "Car_14", "manufacturer": 2, "release_year": 1994, "end_year": 2001}}, {"model": "app_car_reviews.car", "pk": 15, "fields": {"name": "Car_15", "manufacturer": 38, "release_year": 1999, "end_year": 2017}}, {"model": "app_car_reviews.car", "pk": 16, "fields": {"name": "Car_16", "manufacturer": 33, "release_year": 1990, "end_year": 2009}}, {"model": "app_car_reviews.car", "pk": 17, "fields": {"name": "Car_17", "manufacturer": 32, "release_year": 1999, "end_year": 2021}}, {"model": "app_car_reviews.car", "pk": 18, "fields": {"name": "Car_18", "manufacturer": 42, "release_year": 1993, "end_year": 2019}}, {"model": "app_car_reviews.car", "pk": 19, "fields": {"name": "Car_19", "manufacturer": 43, "release_year": 1998, "end_year": 2014}}, {"model": "app_car_reviews.car", "pk": 20, "fields": {"name": "Car_20", "manufacturer": 14, "release_year": 1996, "end_year": 2008}}, {"model": "app_car_reviews.car", "pk": 21, "fields": {"name": "Car_21", "manufacturer": 12, "release_year": 1994, "end_year": 2021}}, {"model": "app_car_reviews.car", "pk": 22, "fields": {"name": "Car_22", "manufacturer": 28, "release_year": 1990, "end_year": 2019}}, {"model": "app_car_reviews.car", "pk": 23, "fields": {"name": "Car_23", "manufacturer": 30, "release_year": 1992, "end_year": 2008}}, {"model": "app_car_reviews.car", "pk": 24, "fields": {"name": "Car_24", "manufacturer": 29, "release_year": 1998, "end_year": 2014}}, {"model": "app_car_reviews.car", "pk": 25, "fields": {"name": "Car_25", "manufacturer": 28, "release_year": 1998, "end_year": 2003}}, {"model": "app_car_reviews.car", "pk": 26, "fields": {"name": "Car_26", "manufacturer": 45, "release_year": 1995, "end_year": 2022}}, {"model": "app_car_reviews.car", "pk": 27, "fields": {"name": "Car_27", "manufacturer": 24, "release_year": 2000, "end_year": 2009}}, {"model": "app_car_reviews.car", "pk": 28, "fields": {"name": "Car_28", "manufacturer": 50, "release_year": 1991, "end_year": 2003}}, {"model": "app_car_reviews.car", "pk": 29, "fields": {"name": "Car_29", "manufacturer": 7, "release_year": 2000, "end_year": 2016}}, {"model": "app_car_reviews.car", "pk": 30, "fields": {"name": "Car_30", "manufacturer": 23, "release_year": 1997, "end_year": 2021}}, {"model": "app_car_reviews.car", "pk": 31, "fields": {"name": "Car_31", "manufacturer": 47, "release_year": 2000, "end_year": 2011}}, {"model": "app_car_reviews.car", "pk": 32, "fields": {"name": "Car_32", "manufacturer": 29, "release_year": 1995, "end_year": 2015}}, {"model": "app_car_reviews.car", "pk": 33, "fields": {"name": "Car_33", "manufacturer": 26, "release_year": 1998, "end_year": 2001}}, {"model": "app_car_reviews.car", "pk": 34, "fields": {"name": "Car_34", "manufacturer": 12, "release_year": 1998, "end_year": 2004}}, {"model": "app_car_reviews.car", "pk": 35, "fields": {"name": "Car_35", "manufacturer": 3, "release_year": 1999, "end_year": 2017}}, {"model": "app_car_reviews.car", "pk": 36, "fields": {"name": "Car_36", "manufacturer": 11, "release_year": 1991, "end_year": 2009}}, {"model": "app_car_reviews.car", "pk": 37, "fields": {"name": "Car_37", "manufacturer": 18, "release_year": 1998, "end_year": 2019}}, {"model": "app_car_reviews.car", "pk": 38, "fields": {"name": "Car_38", "manufacturer": 42, "release_year": 1992, "end_year": 2005}}, {"model": "app_car_reviews.car", "pk": 39, "fields": {"name": "Car_39", "manufacturer": 33, "release_year": 2000, "end_year": 2011}}, {"model": "app_car_reviews.car", "pk": 40, "fields": {"name": "Car_40", "manufacturer": 33, "release_year": 1993, "end_year": 2010}}, {"model": "app_car_reviews.car", "pk": 41, "fields": {"name": "Car_41", "manufacturer": 13, "release_year": 1996, "end_year": 2003}}, {"model": "app_car_reviews.car", "pk": 42, "fields": {"name": "Car_42", "manufacturer": 34, "release_year": 1995, "end_year": 2018}}, {"model": "app_car_reviews.car", "pk": 43, "fields": {"name": "Car_43", "manufacturer": 30, "release_year": 1996, "end_year": 2014}}, {"model": "app_car_reviews.car", "pk": 44, "fields": {"name": "Car_44", "manufacturer": 19, "release_year": 1995, "end_year": 2006}}, {"model": "app_car_reviews.car", "pk": 45, "fields": {"name": "Car_45", "manufacturer": 4, "release_year": 1996, "end_year": 2002}}, {"model": "app_car_reviews.car", "pk": 46, "fields": {"name": "Car_46", "manufacturer": 45, "release_year": 1998, "end_year": 2004}}, {"model": "app_car_reviews.car", "pk": 47, "fields": {"name": "Car_47", "manufacturer": 11, "release_year": 1995, "end_year": 2013}}, {"model": "app_car_reviews.car", "pk": 48, "fields": {"name": "Car_48", "manufacturer": 10, "release_year": 1995, "end_year": 2011}}, {"model": "app_car_reviews.car", "pk": 49, "fields": {"name": "Car_49", "manufacturer": 49, "release_year": 1990, "end_year": 2019}}, {"model": "app_car_reviews.car", "pk": 50, "fields": {"name": "Car_50", "manufacturer": 33, "release_year": 1996, "end_year": 2022}}, {"model": "app_car_reviews.car", "pk": 51, "fields": {"name": "Car_51", "manufacturer": 35, "release_year": 1990, "end_year": 2006}}, {"model": "app_car_reviews.car", "pk": 52, "fields": {"name": "Car_52", "manufacturer": 48, "release_year": 1999, "end_year": 2012}}, {"model": "app_car_reviews.car", "pk": 53, "fields": {"name": "Car_53", "manufacturer": 2, "release_year": 1991, "end_year": 2022}}, {"model": "app_car_reviews.car", "pk": 54, "fields": {"name": "Car_54", "manufacturer": 46, "release_year": 1990, "end_year": 2007}}, {"model": "app_car_reviews.car", "pk": 55, "fields": {"name": "Car_55", "manufacturer": 43, "release_year": 1999, "end_year": 2006}}, {"model": "app_car_reviews.car", "pk": 56, "fields": {"name": "Car_56", "manufacturer": 26, "release_year": 1999, "end_year": 2002}}, {"model": "app_car_reviews.car", "pk": 57, "fields": {"name": "Car_57", "manufacturer": 10, "release_year": 1993, "end_year": 2017}}, {"model": "app_car_reviews.car", "pk": 58, "fields": {"name": "Car_58", "manufacturer": 1, "release_year": 1992, "end_year": 2008}}, {"model": "app_car_reviews.car", "pk": 59, "fields": {"name": "Car_59", "manufacturer": 41, "release_year": 1991, "end_year": 2010}}, {"model": "app_car_reviews.car", "pk": 60, "fields": {"name": "Car_60", "manufacturer": 19, "release_year": 1997, "end_year": 2022}}, {"model": "app_car_reviews.car", "pk": 61, "fields": {"name": "Car_61", "manufacturer": 29, "release_year": 1991, "end_year": 2013}}, {"model": "app_car_reviews.car", "pk": 62, "fields": {"name": "Car_62", "manufacturer": 32, "release_year": 2000, "end_year": 2011}}, {"model": "app_car_reviews.car", "pk": 63, "fields": {"name": "Car_63", "manufacturer": 43, "release_year": 1999, "end_year": 2011}}, {"model": "app_car_reviews.car", "pk": 64, "fields": {"name": "Car_64", "manufacturer": 19, "release_year": 1990, "end_year": 2010}}, {"model": "app_car_reviews.car", "pk": 65, "fields": {"name": "Car_65", "manufacturer": 35, "release_year": 2000, "end_year": 2018}}, {"model": "app_car_reviews.car", "pk": 66, "fields": {"name": "Car_66", "manufacturer": 40, "release_year": 2000, "end_year": 2001}}, {"model": "app_car_reviews.car", "pk": 67, "fields": {"name": "Car_67", "manufacturer": 20, "release_year": 1996, "end_year": 2016}}, {"model": "app_car_reviews.car", "pk": 68, "fields": {"name": "Car_68", "manufacturer": 16, "release_year": 1997, "end_year": 2008}}, {"model": "app_car_reviews.car", "pk": 69, "fields": {"name": "Car_69", "manufacturer": 39, "release_year": 1995, "end_year": 2002}}, {"model": "app_car_reviews.car", "pk": 70, "fields": {"name": "Car_70", "manufacturer": 32, "release_year": 1996, "end_year": 2022}}, {"model": "app_car_reviews.car", "pk": 71, "fields": {"name": "Car_71", "manufacturer": 47, "release_year": 1994, "end_year": 2008}}, {"model": "app_car_reviews.car", "pk": 72, "fields": {"name": "Car_72", "manufacturer": 17, "release_year": 1991, "end_year": 2010}}, {"model": "app_car_reviews.car", "pk": 73, "fields": {"name": "Car_73", "manufacturer": 12, "release_year": 1997, "end_year": 2021}}, {"model": "app_car_reviews.car", "pk": 74, "fields": {"name": "Car_74", "manufacturer": 18, "release_year": 1990, "end_year": 2020}}, {"model": "app_car_reviews.car", "pk": 75, "fields": {"name": "Car_75", "manufacturer": 7, "release_year": 1993, "end_year": 2012}}, {"model": "app_car_reviews.car", "pk": 76, "fields": {"name": "Car_76", "manufacturer": 5, "release_year": 1990, "end_year": 2002}}, {"model": "app_car_reviews.car", "pk": 77, "fields": {"name": "Car_77", "manufacturer": 12, "release_year": 1997, "end_year": 2021}}, {"model": "app_car_reviews.car", "pk": 78, "fields": {"name": "Car_78", "manufacturer": 28, "release_year": 1994, "end_year": 2018}}, {"model": "app_car_reviews.car", "pk": 79, "fields": {"name": "Car_79", "manufacturer": 18, "release_year": 1997, "end_year": 2016}}, {"model": "app_car_reviews.car", "pk": 80, "fields": {"name": "Car_80", "manufacturer": 43, "release_year": 1998, "end_year": 2017}}, {"model": "app_car_reviews.car", "pk": 81, "fields": {"name": "Car_81", "manufacturer": 41, "release_year": 1996, "end_year": 2016}}, {"model": "app_car_reviews.car", "pk": 82, "fields": {"name": "Car_82", "manufacturer": 27, "release_year": 1991, "end_year": 2015}}, {"model": "app_car_reviews.car", "pk": 83, "fields": {"name": "Car_83", "manufacturer": 18, "release_year": 1990, "end_year": 2014}}, {"model": "app_car_reviews.car", "pk": 84, "fields": {"name": "Car_84", "manufacturer": 7, "release_year": 1998, "end_year": 2018}}, {"model": "app_car_reviews.car", "pk": 85, "fields": {"name": "Car_85", "manufacturer": 50, "release_year": 2000, "end_year": 2020}}, {"model": "app_car_reviews.car", "pk": 86, "fields": {"name": "Car_86", "manufacturer": 16, "release_year": 1994, "end_year": 2020}}, {"model": "app_car_reviews.car", "pk": 87, "fields": {"name": "Car_87", "manufacturer": 6, "release_year": 1996, "end_year": 2013}}, {"model": "app_car_reviews.car", "pk": 88, "fields": {"name": "Car_88", "manufacturer": 43, "release_year": 1996, "end_year": 2012}}, {"model": "app_car_reviews.car", "pk": 89, "fields": {"name": "Car_89", "manufacturer": 27, "release_year": 1998, "end_year": 2012}}, {"model": "app_car_reviews.car", "pk": 90, "fields": {"name": "Car_90", "manufacturer": 10, "release_year": 1998, "end_year": 2003}}, {"model": "app_car_reviews.car", "pk": 91, "fields": {"name": "Car_91", "manufacturer": 10, "release_year": 1992, "end_year": 2007}}, {"model": "app_car_reviews.car", "pk": 92, "fields": {"name": "Car_92", "manufacturer": 48, "release_year": 1991, "end_year": 2015}}, {"model": "app_car_reviews.car", "pk": 93, "fields": {"name": "Car_93", "manufacturer": 20, "release_year": 1993, "end_year": 2012}}, {"model": "app_car_reviews.car", "pk": 94, "fields": {"name": "Car_94", "manufacturer": 13, "release_year": 1991, "end_year": 2021}}, {"model": "app_car_reviews.car", "pk": 95, "fields": {"name": "Car_95", "manufacturer": 39, "release_year": 1994, "end_year": 2011}}, {"model": "app_car_reviews.car", "pk": 96, "fields": {"name": "Car_96", "manufacturer": 45, "release_year": 1992, "end_year": 2017}}, {"model": "app_car_reviews.car", "pk": 97, "fields": {"name": "Car_97", "manufacturer": 33, "release_year": 1993, "end_year": 2017}}, {"model": "app_car_reviews.car", "pk": 98, "fields": {"name": "Car_98", "manufacturer": 21, "release_year": 1995, "end_year": 2004}}, {"model": "app_car_reviews.car", "pk": 99, "fields": {"name": "Car_99", "manufacturer": 5, "release_year": 1994, "end_year": 2009}}, {"model": "app_car_reviews.car", "pk": 100, "fields": {"name": "Car_100", "manufacturer": 9, "release_year": 1997, "end_year": 2015}}, {"model": "app_car_reviews.reviews", "pk": 1, "fields": {"author_email": "author1@mail.com", "car": 50, "date_of_creation": "2022-01-20", "comment": "Comment text 1"}}, {"model": "app_car_reviews.reviews", "pk": 2, "fields": {"author_email": "author2@mail.com", "car": 48, "date_of_creation": "2022-01-17", "comment": "Comment text 2"}}, {"model": "app_car_reviews.reviews", "pk": 3, "fields": {"author_email": "author3@mail.com", "car": 11, "date_of_creation": "2022-02-03", "comment": "Comment text 3"}}, {"model": "app_car_reviews.reviews", "pk": 4, "fields": {"author_email": "author4@mail.com", "car": 69, "date_of_creation": "2022-02-19", "comment": "Comment text 4"}}, {"model": "app_car_reviews.reviews", "pk": 5, "fields": {"author_email": "author5@mail.com", "car": 81, "date_of_creation": "2022-02-17", "comment": "Comment text 5"}}, {"model": "app_car_reviews.reviews", "pk": 6, "fields": {"author_email": "author6@mail.com", "car": 8, "date_of_creation": "2022-01-30", "comment": "Comment text 6"}}, {"model": "app_car_reviews.reviews", "pk": 7, "fields": {"author_email": "author7@mail.com", "car": 93, "date_of_creation": "2022-02-13", "comment": "Comment text 7"}}, {"model": "app_car_reviews.reviews", "pk": 8, "fields": {"author_email": "author8@mail.com", "car": 19, "date_of_creation": "2022-03-09", "comment": "Comment text 8"}}, {"model": "app_car_reviews.reviews", "pk": 9, "fields": {"author_email": "author9@mail.com", "car": 61, "date_of_creation": "2022-02-17", "comment": "Comment text 9"}}, {"model": "app_car_reviews.reviews", "pk": 10, "fields": {"author_email": "author10@mail.com", "car": 42, "date_of_creation": "2022-03-19", "comment": "Comment text 10"}}, {"model": "app_car_reviews.reviews", "pk": 11, "fields": {"author_email": "author11@mail.com", "car": 57, "date_of_creation": "2022-01-28", "comment": "Comment text 11"}}, {"model": "app_car_reviews.reviews", "pk": 12, "fields": {"author_email": "author12@mail.com", "car": 92, "date_of_creation": "2022-01-28", "comment": "Comment text 12"}}, {"model": "app_car_reviews.reviews", "pk": 13, "fields": {"author_email": "author13@mail.com", "car": 2, "date_of_creation": "2022-03-28", "comment": "Comment text 13"}}, {"model": "app_car_reviews.reviews", "pk": 14, "fields": {"author_email": "author14@mail.com", "car": 93, "date_of_creation": "2022-01-10", "comment": "Comment text 14"}}, {"model": "app_car_reviews.reviews", "pk": 15, "fields": {"author_email": "author15@mail.com", "car": 64, "date_of_creation": "2022-02-14", "comment": "Comment text 15"}}, {"model": "app_car_reviews.reviews", "pk": 16, "fields": {"author_email": "author16@mail.com", "car": 59, "date_of_creation": "2022-01-15", "comment": "Comment text 16"}}, {"model": "app_car_reviews.reviews", "pk": 17, "fields": {"author_email": "author17@mail.com", "car": 90, "date_of_creation": "2022-03-06", "comment": "Comment text 17"}}, {"model": "app_car_reviews.reviews", "pk": 18, "fields": {"author_email": "author18@mail.com", "car": 15, "date_of_creation": "2022-02-08", "comment": "Comment text 18"}}, {"model": "app_car_reviews.reviews", "pk": 19, "fields": {"author_email": "author19@mail.com", "car": 58, "date_of_creation": "2022-02-04", "comment": "Comment text 19"}}, {"model": "app_car_reviews.reviews", "pk": 20, "fields": {"author_email": "author20@mail.com", "car": 45, "date_of_creation": "2022-03-14", "comment": "Comment text 20"}}, {"model": "app_car_reviews.reviews", "pk": 21, "fields": {"author_email": "author21@mail.com", "car": 5, "date_of_creation": "2022-01-18", "comment": "Comment text 21"}}, {"model": "app_car_reviews.reviews", "pk": 22, "fields": {"author_email": "author22@mail.com", "car": 78, "date_of_creation": "2022-03-03", "comment": "Comment text 22"}}, {"model": "app_car_reviews.reviews", "pk": 23, "fields": {"author_email": "author23@mail.com", "car": 89, "date_of_creation": "2022-02-01", "comment": "Comment text 23"}}, {"model": "app_car_reviews.reviews", "pk": 24, "fields": {"author_email": "author24@mail.com", "car": 8, "date_of_creation": "2022-02-08", "comment": "Comment text 24"}}, {"model": "app_car_reviews.reviews", "pk": 25, "fields": {"author_email": "author25@mail.com", "car": 39, "date_of_creation": "2022-02-25", "comment": "Comment text 25"}}, {"model": "app_car_reviews.reviews", "pk": 26, "fields": {"author_email": "author26@mail.com", "car": 65, "date_of_creation": "2022-02-03", "comment": "Comment text 26"}}, {"model": "app_car_reviews.reviews", "pk": 27, "fields": {"author_email": "author27@mail.com", "car": 73, "date_of_creation": "2022-03-08", "comment": "Comment text 27"}}, {"model": "app_car_reviews.reviews", "pk": 28, "fields": {"author_email": "author28@mail.com", "car": 83, "date_of_creation": "2022-01-01", "comment": "Comment text 28"}}, {"model": "app_car_reviews.reviews", "pk": 29, "fields": {"author_email": "author29@mail.com", "car": 17, "date_of_creation": "2022-03-26", "comment": "Comment text 29"}}, {"model": "app_car_reviews.reviews", "pk": 30, "fields": {"author_email": "author30@mail.com", "car": 71, "date_of_creation": "2022-03-15", "comment": "Comment text 30"}}, {"model": "app_car_reviews.reviews", "pk": 31, "fields": {"author_email": "author31@mail.com", "car": 31, "date_of_creation": "2022-01-04", "comment": "Comment text 31"}}, {"model": "app_car_reviews.reviews", "pk": 32, "fields": {"author_email": "author32@mail.com", "car": 4, "date_of_creation": "2022-03-15", "comment": "Comment text 32"}}, {"model": "app_car_reviews.reviews", "pk": 33, "fields": {"author_email": "author33@mail.com", "car": 44, "date_of_creation": "2022-03-24", "comment": "Comment text 33"}}, {"model": "app_car_reviews.reviews", "pk": 34, "fields": {"author_email": "author34@mail.com", "car": 77, "date_of_creation": "2022-01-05", "comment": "Comment text 34"}}, {"model": "app_car_reviews.reviews", "pk": 35, "fields": {"author_email": "author35@mail.com", "car": 34, "date_of_creation": "2022-03-14", "comment": "Comment text 35"}}, {"model": "app_car_reviews.reviews", "pk": 36, "fields": {"author_email": "author36@mail.com", "car": 34, "date_of_creation": "2022-01-28", "comment": "Comment text 36"}}, {"model": "app_car_reviews.reviews", "pk": 37, "fields": {"author_email": "author37@mail.com", "car": 19, "date_of_creation": "2022-01-14", "comment": "Comment text 37"}}, {"model": "app_car_reviews.reviews", "pk": 38, "fields": {"author_email": "author38@mail.com", "car": 41, "date_of_creation": "2022-03-12", "comment": "Comment text 38"}}, {"model": "app_car_reviews.reviews", "pk": 39, "fields": {"author_email": "author39@mail.com", "car": 12, "date_of_creation": "2022-02-10", "comment": "Comment text 39"}}, {"model": "app_car_reviews.reviews", "pk": 40, "fields": {"author_email": "author40@mail.com", "car": 25, "date_of_creation": "2022-02-14", "comment": "Comment text 40"}}, {"model": "app_car_reviews.reviews", "pk": 41, "fields": {"author_email": "author41@mail.com", "car": 11, "date_of_creation": "2022-01-20", "comment": "Comment text 41"}}, {"model": "app_car_reviews.reviews", "pk": 42, "fields": {"author_email": "author42@mail.com", "car": 32, "date_of_creation": "2022-01-13", "comment": "Comment text 42"}}, {"model": "app_car_reviews.reviews", "pk": 43, "fields": {"author_email": "author43@mail.com", "car": 59, "date_of_creation": "2022-03-22", "comment": "Comment text 43"}}, {"model": "app_car_reviews.reviews", "pk": 44, "fields": {"author_email": "author44@mail.com", "car": 63, "date_of_creation": "2022-02-09", "comment": "Comment text 44"}}, {"model": "app_car_reviews.reviews", "pk": 45, "fields": {"author_email": "author45@mail.com", "car": 57, "date_of_creation": "2022-01-12", "comment": "Comment text 45"}}, {"model": "app_car_reviews.reviews", "pk": 46, "fields": {"author_email": "author46@mail.com", "car": 77, "date_of_creation": "2022-03-03", "comment": "Comment text 46"}}, {"model": "app_car_reviews.reviews", "pk": 47, "fields": {"author_email": "author47@mail.com", "car": 79, "date_of_creation": "2022-03-02", "comment": "Comment text 47"}}, {"model": "app_car_reviews.reviews", "pk": 48, "fields": {"author_email": "author48@mail.com", "car": 18, "date_of_creation": "2022-03-22", "comment": "Comment text 48"}}, {"model": "app_car_reviews.reviews", "pk": 49, "fields": {"author_email": "author49@mail.com", "car": 78, "date_of_creation": "2022-03-20", "comment": "Comment text 49"}}, {"model": "app_car_reviews.reviews", "pk": 50, "fields": {"author_email": "author50@mail.com", "car": 79, "date_of_creation": "2022-01-06", "comment": "Comment text 50"}}, {"model": "app_car_reviews.reviews", "pk": 51, "fields": {"author_email": "author51@mail.com", "car": 4, "date_of_creation": "2022-03-09", "comment": "Comment text 51"}}, {"model": "app_car_reviews.reviews", "pk": 52, "fields": {"author_email": "author52@mail.com", "car": 72, "date_of_creation": "2022-03-11", "comment": "Comment text 52"}}, {"model": "app_car_reviews.reviews", "pk": 53, "fields": {"author_email": "author53@mail.com", "car": 75, "date_of_creation": "2022-01-17", "comment": "Comment text 53"}}, {"model": "app_car_reviews.reviews", "pk": 54, "fields": {"author_email": "author54@mail.com", "car": 1, "date_of_creation": "2022-03-09", "comment": "Comment text 54"}}, {"model": "app_car_reviews.reviews", "pk": 55, "fields": {"author_email": "author55@mail.com", "car": 73, "date_of_creation": "2022-03-03", "comment": "Comment text 55"}}, {"model": "app_car_reviews.reviews", "pk": 56, "fields": {"author_email": "author56@mail.com", "car": 29, "date_of_creation": "2022-01-19", "comment": "Comment text 56"}}, {"model": "app_car_reviews.reviews", "pk": 57, "fields": {"author_email": "author57@mail.com", "car": 24, "date_of_creation": "2022-03-11", "comment": "Comment text 57"}}, {"model": "app_car_reviews.reviews", "pk": 58, "fields": {"author_email": "author58@mail.com", "car": 28, "date_of_creation": "2022-01-25", "comment": "Comment text 58"}}, {"model": "app_car_reviews.reviews", "pk": 59, "fields": {"author_email": "author59@mail.com", "car": 35, "date_of_creation": "2022-03-03", "comment": "Comment text 59"}}, {"model": "app_car_reviews.reviews", "pk": 60, "fields": {"author_email": "author60@mail.com", "car": 9, "date_of_creation": "2022-02-21", "comment": "Comment text 60"}}, {"model": "app_car_reviews.reviews", "pk": 61, "fields": {"author_email": "author61@mail.com", "car": 97, "date_of_creation": "2022-02-23", "comment": "Comment text 61"}}, {"model": "app_car_reviews.reviews", "pk": 62, "fields": {"author_email": "author62@mail.com", "car": 73, "date_of_creation": "2022-03-03", "comment": "Comment text 62"}}, {"model": "app_car_reviews.reviews", "pk": 63, "fields": {"author_email": "author63@mail.com", "car": 21, "date_of_creation": "2022-03-26", "comment": "Comment text 63"}}, {"model": "app_car_reviews.reviews", "pk": 64, "fields": {"author_email": "author64@mail.com", "car": 21, "date_of_creation": "2022-02-20", "comment": "Comment text 64"}}, {"model": "app_car_reviews.reviews", "pk": 65, "fields": {"author_email": "author65@mail.com", "car": 69, "date_of_creation": "2022-01-10", "comment": "Comment text 65"}}, {"model": "app_car_reviews.reviews", "pk": 66, "fields": {"author_email": "author66@mail.com", "car": 99, "date_of_creation": "2022-03-03", "comment": "Comment text 66"}}, {"model": "app_car_reviews.reviews", "pk": 67, "fields": {"author_email": "author67@mail.com", "car": 49, "date_of_creation": "2022-03-11", "comment": "Comment text 67"}}, {"model": "app_car_reviews.reviews", "pk": 68, "fields": {"author_email": "author68@mail.com", "car": 73, "date_of_creation": "2022-01-29", "comment": "Comment text 68"}}, {"model": "app_car_reviews.reviews", "pk": 69, "fields": {"author_email": "author69@mail.com", "car": 74, "date_of_creation": "2022-01-16", "comment": "Comment text 69"}}, {"model": "app_car_reviews.reviews", "pk": 70, "fields": {"author_email": "author70@mail.com", "car": 15, "date_of_creation": "2022-03-07", "comment": "Comment text 70"}}, {"model": "app_car_reviews.reviews", "pk": 71, "fields": {"author_email": "author71@mail.com", "car": 99, "date_of_creation": "2022-01-18", "comment": "Comment text 71"}}, {"model": "app_car_reviews.reviews", "pk": 72, "fields": {"author_email": "author72@mail.com", "car": 6, "date_of_creation": "2022-02-18", "comment": "Comment text 72"}}, {"model": "app_car_reviews.reviews", "pk": 73, "fields": {"author_email": "author73@mail.com", "car": 93, "date_of_creation": "2022-01-28", "comment": "Comment text 73"}}, {"model": "app_car_reviews.reviews", "pk": 74, "fields": {"author_email": "author74@mail.com", "car": 95, "date_of_creation": "2022-01-16", "comment": "Comment text 74"}}, {"model": "app_car_reviews.reviews", "pk": 75, "fields": {"author_email": "author75@mail.com", "car": 42, "date_of_creation": "2022-01-12", "comment": "Comment text 75"}}, {"model": "app_car_reviews.reviews", "pk": 76, "fields": {"author_email": "author76@mail.com", "car": 87, "date_of_creation": "2022-02-10", "comment": "Comment text 76"}}, {"model": "app_car_reviews.reviews", "pk": 77, "fields": {"author_email": "author77@mail.com", "car": 12, "date_of_creation": "2022-01-01", "comment": "Comment text 77"}}, {"model": "app_car_reviews.reviews", "pk": 78, "fields": {"author_email": "author78@mail.com", "car": 2, "date_of_creation": "2022-03-26", "comment": "Comment text 78"}}, {"model": "app_car_reviews.reviews", "pk": 79, "fields": {"author_email": "author79@mail.com", "car": 88, "date_of_creation": "2022-03-06", "comment": "Comment text 79"}}, {"model": "app_car_reviews.reviews", "pk": 80, "fields": {"author_email": "author80@mail.com", "car": 42, "date_of_creation": "2022-01-15", "comment": "Comment text 80"}}, {"model": "app_car_reviews.reviews", "pk": 81, "fields": {"author_email": "author81@mail.com", "car": 89, "date_of_creation": "2022-01-05", "comment": "Comment text 81"}}, {"model": "app_car_reviews.reviews", "pk": 82, "fields": {"author_email": "author82@mail.com", "car": 78, "date_of_creation": "2022-01-19", "comment": "Comment text 82"}}, {"model": "app_car_reviews.reviews", "pk": 83, "fields": {"author_email": "author83@mail.com", "car": 30, "date_of_creation": "2022-02-20", "comment": "Comment text 83"}}, {"model": "app_car_reviews.reviews", "pk": 84, "fields": {"author_email": "author84@mail.com", "car": 51, "date_of_creation": "2022-01-21", "comment": "Comment text 84"}}, {"model": "app_car_reviews.reviews", "pk": 85, "fields": {"author_email": "author85@mail.com", "car": 83, "date_of_creation": "2022-02-07", "comment": "Comment text 85"}}, {"model": "app_car_reviews.reviews", "pk": 86, "fields": {"author_email": "author86@mail.com", "car": 94, "date_of_creation": "2022-01-30", "comment": "Comment text 86"}}, {"model": "app_car_reviews.reviews", "pk": 87, "fields": {"author_email": "author87@mail.com", "car": 32, "date_of_creation": "2022-01-01", "comment": "Comment text 87"}}, {"model": "app_car_reviews.reviews", "pk": 88, "fields": {"author_email": "author88@mail.com", "car": 83, "date_of_creation": "2022-02-24", "comment": "Comment text 88"}}, {"model": "app_car_reviews.reviews", "pk": 89, "fields": {"author_email": "author89@mail.com", "car": 63, "date_of_creation": "2022-01-13", "comment": "Comment text 89"}}, {"model": "app_car_reviews.reviews", "pk": 90, "fields": {"author_email": "author90@mail.com", "car": 37, "date_of_creation": "2022-02-17", "comment": "Comment text 90"}}, {"model": "app_car_reviews.reviews", "pk": 91, "fields": {"author_email": "author91@mail.com", "car": 82, "date_of_creation": "2022-02-19", "comment": "Comment text 91"}}, {"model": "app_car_reviews.reviews", "pk": 92, "fields": {"author_email": "author92@mail.com", "car": 93, "date_of_creation": "2022-02-25", "comment": "Comment text 92"}}, {"model": "app_car_reviews.reviews", "pk": 93, "fields": {"author_email": "author93@mail.com", "car": 16, "date_of_creation": "2022-01-06", "comment": "Comment text 93"}}, {"model": "app_car_reviews.reviews", "pk": 94, "fields": {"author_email": "author94@mail.com", "car": 68, "date_of_creation": "2022-03-05", "comment": "Comment text 94"}}, {"model": "app_car_reviews.reviews", "pk": 95, "fields": {"author_email": "author95@mail.com", "car": 63, "date_of_creation": "2022-03-20", "comment": "Comment text 95"}}, {"model": "app_car_reviews.reviews", "pk": 96, "fields": {"author_email": "author96@mail.com", "car": 60, "date_of_creation": "2022-01-20", "comment": "Comment text 96"}}, {"model": "app_car_reviews.reviews", "pk": 97, "fields": {"author_email": "author97@mail.com", "car": 28, "date_of_creation": "2022-03-13", "comment": "Comment text 97"}}, {"model": "app_car_reviews.reviews", "pk": 98, "fields": {"author_email": "author98@mail.com", "car": 47, "date_of_creation": "2022-03-29", "comment": "Comment text 98"}}, {"model": "app_car_reviews.reviews", "pk": 99, "fields": {"author_email": "author99@mail.com", "car": 34, "date_of_creation": "2022-03-27", "comment": "Comment text 99"}}, {"model": "app_car_reviews.reviews", "pk": 100, "fields": {"author_email": "author100@mail.com", "car": 26, "date_of_creation": "2022-03-22", "comment": "Comment text 100"}}, {"model": "app_car_reviews.reviews", "pk": 101, "fields": {"author_email": "author101@mail.com", "car": 81, "date_of_creation": "2022-02-22", "comment": "Comment text 101"}}, {"model": "app_car_reviews.reviews", "pk": 102, "fields": {"author_email": "author102@mail.com", "car": 91, "date_of_creation": "2022-01-03", "comment": "Comment text 102"}}, {"model": "app_car_reviews.reviews", "pk": 103, "fields": {"author_email": "author103@mail.com", "car": 74, "date_of_creation": "2022-03-05", "comment": "Comment text 103"}}, {"model": "app_car_reviews.reviews", "pk": 104, "fields": {"author_email": "author104@mail.com", "car": 57, "date_of_creation": "2022-03-06", "comment": "Comment text 104"}}, {"model": "app_car_reviews.reviews", "pk": 105, "fields": {"author_email": "author105@mail.com", "car": 76, "date_of_creation": "2022-01-01", "comment": "Comment text 105"}}, {"model": "app_car_reviews.reviews", "pk": 106, "fields": {"author_email": "author106@mail.com", "car": 32, "date_of_creation": "2022-03-19", "comment": "Comment text 106"}}, {"model": "app_car_reviews.reviews", "pk": 107, "fields": {"author_email": "author107@mail.com", "car": 86, "date_of_creation": "2022-03-21", "comment": "Comment text 107"}}, {"model": "app_car_reviews.reviews", "pk": 108, "fields": {"author_email": "author108@mail.com", "car": 86, "date_of_creation": "2022-02-11", "comment": "Comment text 108"}}, {"model": "app_car_reviews.reviews", "pk": 109, "fields": {"author_email": "author109@mail.com", "car": 51, "date_of_creation": "2022-02-22", "comment": "Comment text 109"}}, {"model": "app_car_reviews.reviews", "pk": 110, "fields": {"author_email": "author110@mail.com", "car": 15, "date_of_creation": "2022-03-22", "comment": "Comment text 110"}}, {"model": "app_car_reviews.reviews", "pk": 111, "fields": {"author_email": "author111@mail.com", "car": 20, "date_of_creation": "2022-03-03", "comment": "Comment text 111"}}, {"model": "app_car_reviews.reviews", "pk": 112, "fields": {"author_email": "author112@mail.com", "car": 50, "date_of_creation": "2022-01-09", "comment": "Comment text 112"}}, {"model": "app_car_reviews.reviews", "pk": 113, "fields": {"author_email": "author113@mail.com", "car": 79, "date_of_creation": "2022-01-26", "comment": "Comment text 113"}}, {"model": "app_car_reviews.reviews", "pk": 114, "fields": {"author_email": "author114@mail.com", "car": 1, "date_of_creation": "2022-02-16", "comment": "Comment text 114"}}, {"model": "app_car_reviews.reviews", "pk": 115, "fields": {"author_email": "author115@mail.com", "car": 61, "date_of_creation": "2022-03-12", "comment": "Comment text 115"}}, {"model": "app_car_reviews.reviews", "pk": 116, "fields": {"author_email": "author116@mail.com", "car": 42, "date_of_creation": "2022-02-25", "comment": "Comment text 116"}}, {"model": "app_car_reviews.reviews", "pk": 117, "fields": {"author_email": "author117@mail.com", "car": 33, "date_of_creation": "2022-01-28", "comment": "Comment text 117"}}, {"model": "app_car_reviews.reviews", "pk": 118, "fields": {"author_email": "author118@mail.com", "car": 77, "date_of_creation": "2022-01-08", "comment": "Comment text 118"}}, {"model": "app_car_reviews.reviews", "pk": 119, "fields": {"author_email": "author119@mail.com", "car": 47, "date_of_creation": "2022-02-24", "comment": "Comment text 119"}}, {"model": "app_car_reviews.reviews", "pk": 120, "fields": {"author_email": "author120@mail.com", "car": 83, "date_of_creation": "2022-03-22", "comment": "Comment text 120"}}, {"model": "app_car_reviews.reviews", "pk": 121, "fields": {"author_email": "author121@mail.com", "car": 60, "date_of_creation": "2022-03-04", "comment": "Comment text 121"}}, {"model": "app_car_reviews.reviews", "pk": 122, "fields": {"author_email": "author122@mail.com", "car": 54, "date_of_creation": "2022-01-11", "comment": "Comment text 122"}}, {"model": "app_car_reviews.reviews", "pk": 123, "fields": {"author_email": "author123@mail.com", "car": 69, "date_of_creation": "2022-01-20", "comment": "Comment text 123"}}, {"model": "app_car_reviews.reviews", "pk": 124, "fields": {"author_email": "author124@mail.com", "car": 83, "date_of_creation": "2022-03-24", "comment": "Comment text 124"}}, {"model": "app_car_reviews.reviews", "pk": 125, "fields": {"author_email": "author125@mail.com", "car": 91, "date_of_creation": "2022-02-03", "comment": "Comment text 125"}}, {"model": "app_car_reviews.reviews", "pk": 126, "fields": {"author_email": "author126@mail.com", "car": 64, "date_of_creation": "2022-01-11", "comment": "Comment text 126"}}, {"model": "app_car_reviews.reviews", "pk": 127, "fields": {"author_email": "author127@mail.com", "car": 78, "date_of_creation": "2022-01-10", "comment": "Comment text 127"}}, {"model": "app_car_reviews.reviews", "pk": 128, "fields": {"author_email": "author128@mail.com", "car": 90, "date_of_creation": "2022-01-10", "comment": "Comment text 128"}}, {"model": "app_car_reviews.reviews", "pk": 129, "fields": {"author_email": "author129@mail.com", "car": 14, "date_of_creation": "2022-02-11", "comment": "Comment text 129"}}, {"model": "app_car_reviews.reviews", "pk": 130, "fields": {"author_email": "author130@mail.com", "car": 37, "date_of_creation": "2022-03-27", "comment": "Comment text 130"}}, {"model": "app_car_reviews.reviews", "pk": 131, "fields": {"author_email": "author131@mail.com", "car": 80, "date_of_creation": "2022-03-07", "comment": "Comment text 131"}}, {"model": "app_car_reviews.reviews", "pk": 132, "fields": {"author_email": "author132@mail.com", "car": 18, "date_of_creation": "2022-02-03", "comment": "Comment text 132"}}, {"model": "app_car_reviews.reviews", "pk": 133, "fields": {"author_email": "author133@mail.com", "car": 44, "date_of_creation": "2022-02-27", "comment": "Comment text 133"}}, {"model": "app_car_reviews.reviews", "pk": 134, "fields": {"author_email": "author134@mail.com", "car": 91, "date_of_creation": "2022-01-16", "comment": "Comment text 134"}}, {"model": "app_car_reviews.reviews", "pk": 135, "fields": {"author_email": "author135@mail.com", "car": 8, "date_of_creation": "2022-02-15", "comment": "Comment text 135"}}, {"model": "app_car_reviews.reviews", "pk": 136, "fields": {"author_email": "author136@mail.com", "car": 16, "date_of_creation": "2022-01-30", "comment": "Comment text 136"}}, {"model": "app_car_reviews.reviews", "pk": 137, "fields": {"author_email": "author137@mail.com", "car": 58, "date_of_creation": "2022-02-19", "comment": "Comment text 137"}}, {"model": "app_car_reviews.reviews", "pk": 138, "fields": {"author_email": "author138@mail.com", "car": 31, "date_of_creation": "2022-03-13", "comment": "Comment text 138"}}, {"model": "app_car_reviews.reviews", "pk": 139, "fields": {"author_email": "author139@mail.com", "car": 43, "date_of_creation": "2022-02-06", "comment": "Comment text 139"}}, {"model": "app_car_reviews.reviews", "pk": 140, "fields": {"author_email": "author140@mail.com", "car": 27, "date_of_creation": "2022-02-26", "comment": "Comment text 140"}}, {"model": "app_car_reviews.reviews", "pk": 141, "fields": {"author_email": "author141@mail.com", "car": 58, "date_of_creation": "2022-03-19", "comment": "Comment text 141"}}, {"model": "app_car_reviews.reviews", "pk": 142, "fields": {"author_email": "author142@mail.com", "car": 2, "date_of_creation": "2022-03-04", "comment": "Comment text 142"}}, {"model": "app_car_reviews.reviews", "pk": 143, "fields": {"author_email": "author143@mail.com", "car": 18, "date_of_creation": "2022-03-22", "comment": "Comment text 143"}}, {"model": "app_car_reviews.reviews", "pk": 144, "fields": {"author_email": "author144@mail.com", "car": 53, "date_of_creation": "2022-02-12", "comment": "Comment text 144"}}, {"model": "app_car_reviews.reviews", "pk": 145, "fields": {"author_email": "author145@mail.com", "car": 30, "date_of_creation": "2022-03-13", "comment": "Comment text 145"}}, {"model": "app_car_reviews.reviews", "pk": 146, "fields": {"author_email": "author146@mail.com", "car": 82, "date_of_creation": "2022-02-04", "comment": "Comment text 146"}}, {"model": "app_car_reviews.reviews", "pk": 147, "fields": {"author_email": "author147@mail.com", "car": 46, "date_of_creation": "2022-02-17", "comment": "Comment text 147"}}, {"model": "app_car_reviews.reviews", "pk": 148, "fields": {"author_email": "author148@mail.com", "car": 54, "date_of_creation": "2022-03-19", "comment": "Comment text 148"}}, {"model": "app_car_reviews.reviews", "pk": 149, "fields": {"author_email": "author149@mail.com", "car": 3, "date_of_creation": "2022-01-14", "comment": "Comment text 149"}}, {"model": "app_car_reviews.reviews", "pk": 150, "fields": {"author_email": "author150@mail.com", "car": 63, "date_of_creation": "2022-01-06", "comment": "Comment text 150"}}, {"model": "app_car_reviews.reviews", "pk": 151, "fields": {"author_email": "author151@mail.com", "car": 59, "date_of_creation": "2022-02-08", "comment": "Comment text 151"}}, {"model": "app_car_reviews.reviews", "pk": 152, "fields": {"author_email": "author152@mail.com", "car": 81, "date_of_creation": "2022-02-23", "comment": "Comment text 152"}}, {"model": "app_car_reviews.reviews", "pk": 153, "fields": {"author_email": "author153@mail.com", "car": 27, "date_of_creation": "2022-01-10", "comment": "Comment text 153"}}, {"model": "app_car_reviews.reviews", "pk": 154, "fields": {"author_email": "author154@mail.com", "car": 40, "date_of_creation": "2022-01-04", "comment": "Comment text 154"}}, {"model": "app_car_reviews.reviews", "pk": 155, "fields": {"author_email": "author155@mail.com", "car": 15, "date_of_creation": "2022-03-23", "comment": "Comment text 155"}}, {"model": "app_car_reviews.reviews", "pk": 156, "fields": {"author_email": "author156@mail.com", "car": 62, "date_of_creation": "2022-01-14", "comment": "Comment text 156"}}, {"model": "app_car_reviews.reviews", "pk": 157, "fields": {"author_email": "author157@mail.com", "car": 30, "date_of_creation": "2022-02-08", "comment": "Comment text 157"}}, {"model": "app_car_reviews.reviews", "pk": 158, "fields": {"author_email": "author158@mail.com", "car": 26, "date_of_creation": "2022-03-16", "comment": "Comment text 158"}}, {"model": "app_car_reviews.reviews", "pk": 159, "fields": {"author_email": "author159@mail.com", "car": 72, "date_of_creation": "2022-01-02", "comment": "Comment text 159"}}, {"model": "app_car_reviews.reviews", "pk": 160, "fields": {"author_email": "author160@mail.com", "car": 97, "date_of_creation": "2022-01-06", "comment": "Comment text 160"}}, {"model": "app_car_reviews.reviews", "pk": 161, "fields": {"author_email": "author161@mail.com", "car": 67, "date_of_creation": "2022-02-27", "comment": "Comment text 161"}}, {"model": "app_car_reviews.reviews", "pk": 162, "fields": {"author_email": "author162@mail.com", "car": 53, "date_of_creation": "2022-01-25", "comment": "Comment text 162"}}, {"model": "app_car_reviews.reviews", "pk": 163, "fields": {"author_email": "author163@mail.com", "car": 89, "date_of_creation": "2022-03-22", "comment": "Comment text 163"}}, {"model": "app_car_reviews.reviews", "pk": 164, "fields": {"author_email": "author164@mail.com", "car": 50, "date_of_creation": "2022-03-20", "comment": "Comment text 164"}}, {"model": "app_car_reviews.reviews", "pk": 165, "fields": {"author_email": "author165@mail.com", "car": 3, "date_of_creation": "2022-01-08", "comment": "Comment text 165"}}, {"model": "app_car_reviews.reviews", "pk": 166, "fields": {"author_email": "author166@mail.com", "car": 5, "date_of_creation": "2022-01-05", "comment": "Comment text 166"}}, {"model": "app_car_reviews.reviews", "pk": 167, "fields": {"author_email": "author167@mail.com", "car": 6, "date_of_creation": "2022-01-01", "comment": "Comment text 167"}}, {"model": "app_car_reviews.reviews", "pk": 168, "fields": {"author_email": "author168@mail.com", "car": 57, "date_of_creation": "2022-02-18", "comment": "Comment text 168"}}, {"model": "app_car_reviews.reviews", "pk": 169, "fields": {"author_email": "author169@mail.com", "car": 55, "date_of_creation": "2022-01-07", "comment": "Comment text 169"}}, {"model": "app_car_reviews.reviews", "pk": 170, "fields": {"author_email": "author170@mail.com", "car": 79, "date_of_creation": "2022-01-04", "comment": "Comment text 170"}}, {"model": "app_car_reviews.reviews", "pk": 171, "fields": {"author_email": "author171@mail.com", "car": 13, "date_of_creation": "2022-01-05", "comment": "Comment text 171"}}, {"model": "app_car_reviews.reviews", "pk": 172, "fields": {"author_email": "author172@mail.com", "car": 41, "date_of_creation": "2022-03-14", "comment": "Comment text 172"}}, {"model": "app_car_reviews.reviews", "pk": 173, "fields": {"author_email": "author173@mail.com", "car": 38, "date_of_creation": "2022-02-24", "comment": "Comment text 173"}}, {"model": "app_car_reviews.reviews", "pk": 174, "fields": {"author_email": "author174@mail.com", "car": 50, "date_of_creation": "2022-02-09", "comment": "Comment text 174"}}, {"model": "app_car_reviews.reviews", "pk": 175, "fields": {"author_email": "author175@mail.com", "car": 12, "date_of_creation": "2022-01-19", "comment": "Comment text 175"}}, {"model": "app_car_reviews.reviews", "pk": 176, "fields": {"author_email": "author176@mail.com", "car": 43, "date_of_creation": "2022-01-27", "comment": "Comment text 176"}}, {"model": "app_car_reviews.reviews", "pk": 177, "fields": {"author_email": "author177@mail.com", "car": 5, "date_of_creation": "2022-03-03", "comment": "Comment text 177"}}, {"model": "app_car_reviews.reviews", "pk": 178, "fields": {"author_email": "author178@mail.com", "car": 17, "date_of_creation": "2022-03-04", "comment": "Comment text 178"}}, {"model": "app_car_reviews.reviews", "pk": 179, "fields": {"author_email": "author179@mail.com", "car": 54, "date_of_creation": "2022-01-31", "comment": "Comment text 179"}}, {"model": "app_car_reviews.reviews", "pk": 180, "fields": {"author_email": "author180@mail.com", "car": 89, "date_of_creation": "2022-03-27", "comment": "Comment text 180"}}, {"model": "app_car_reviews.reviews", "pk": 181, "fields": {"author_email": "author181@mail.com", "car": 65, "date_of_creation": "2022-01-02", "comment": "Comment text 181"}}, {"model": "app_car_reviews.reviews", "pk": 182, "fields": {"author_email": "author182@mail.com", "car": 16, "date_of_creation": "2022-01-16", "comment": "Comment text 182"}}, {"model": "app_car_reviews.reviews", "pk": 183, "fields": {"author_email": "author183@mail.com", "car": 37, "date_of_creation": "2022-03-25", "comment": "Comment text 183"}}, {"model": "app_car_reviews.reviews", "pk": 184, "fields": {"author_email": "author184@mail.com", "car": 56, "date_of_creation": "2022-03-21", "comment": "Comment text 184"}}, {"model": "app_car_reviews.reviews", "pk": 185, "fields": {"author_email": "author185@mail.com", "car": 31, "date_of_creation": "2022-02-22", "comment": "Comment text 185"}}, {"model": "app_car_reviews.reviews", "pk": 186, "fields": {"author_email": "author186@mail.com", "car": 24, "date_of_creation": "2022-01-09", "comment": "Comment text 186"}}, {"model": "app_car_reviews.reviews", "pk": 187, "fields": {"author_email": "author187@mail.com", "car": 96, "date_of_creation": "2022-03-04", "comment": "Comment text 187"}}, {"model": "app_car_reviews.reviews", "pk": 188, "fields": {"author_email": "author188@mail.com", "car": 86, "date_of_creation": "2022-02-09", "comment": "Comment text 188"}}, {"model": "app_car_reviews.reviews", "pk": 189, "fields": {"author_email": "author189@mail.com", "car": 46, "date_of_creation": "2022-02-23", "comment": "Comment text 189"}}, {"model": "app_car_reviews.reviews", "pk": 190, "fields": {"author_email": "author190@mail.com", "car": 98, "date_of_creation": "2022-02-23", "comment": "Comment text 190"}}, {"model": "app_car_reviews.reviews", "pk": 191, "fields": {"author_email": "author191@mail.com", "car": 85, "date_of_creation": "2022-03-17", "comment": "Comment text 191"}}, {"model": "app_car_reviews.reviews", "pk": 192, "fields": {"author_email": "author192@mail.com", "car": 95, "date_of_creation": "2022-01-08", "comment": "Comment text 192"}}, {"model": "app_car_reviews.reviews", "pk": 193, "fields": {"author_email": "author193@mail.com", "car": 26, "date_of_creation": "2022-01-15", "comment": "Comment text 193"}}, {"model": "app_car_reviews.reviews", "pk": 194, "fields": {"author_email": "author194@mail.com", "car": 90, "date_of_creation": "2022-03-29", "comment": "Comment text 194"}}, {"model": "app_car_reviews.reviews", "pk": 195, "fields": {"author_email": "author195@mail.com", "car": 82, "date_of_creation": "2022-01-08", "comment": "Comment text 195"}}, {"model": "app_car_reviews.reviews", "pk": 196, "fields": {"author_email": "author196@mail.com", "car": 88, "date_of_creation": "2022-03-21", "comment": "Comment text 196"}}, {"model": "app_car_reviews.reviews", "pk": 197, "fields": {"author_email": "author197@mail.com", "car": 92, "date_of_creation": "2022-03-15", "comment": "Comment text 197"}}, {"model": "app_car_reviews.reviews", "pk": 198, "fields": {"author_email": "author198@mail.com", "car": 9, "date_of_creation": "2022-02-25", "comment": "Comment text 198"}}, {"model": "app_car_reviews.reviews", "pk": 199, "fields": {"author_email": "author199@mail.com", "car": 15, "date_of_creation": "2022-01-24", "comment": "Comment text 199"}}, {"model": "app_car_reviews.reviews", "pk": 200, "fields": {"author_email": "author200@mail.com", "car": 86, "date_of_creation": "2022-01-20", "comment": "Comment text 200"}}, {"model": "app_car_reviews.reviews", "pk": 201, "fields": {"author_email": "author201@mail.com", "car": 74, "date_of_creation": "2022-01-14", "comment": "Comment text 201"}}, {"model": "app_car_reviews.reviews", "pk": 202, "fields": {"author_email": "author202@mail.com", "car": 2, "date_of_creation": "2022-01-10", "comment": "Comment text 202"}}, {"model": "app_car_reviews.reviews", "pk": 203, "fields": {"author_email": "author203@mail.com", "car": 83, "date_of_creation": "2022-01-27", "comment": "Comment text 203"}}, {"model": "app_car_reviews.reviews", "pk": 204, "fields": {"author_email": "author204@mail.com", "car": 49, "date_of_creation": "2022-02-25", "comment": "Comment text 204"}}, {"model": "app_car_reviews.reviews", "pk": 205, "fields": {"author_email": "author205@mail.com", "car": 74, "date_of_creation": "2022-02-05", "comment": "Comment text 205"}}, {"model": "app_car_reviews.reviews", "pk": 206, "fields": {"author_email": "author206@mail.com", "car": 73, "date_of_creation": "2022-03-06", "comment": "Comment text 206"}}, {"model": "app_car_reviews.reviews", "pk": 207, "fields": {"author_email": "author207@mail.com", "car": 74, "date_of_creation": "2022-02-27", "comment": "Comment text 207"}}, {"model": "app_car_reviews.reviews", "pk": 208, "fields": {"author_email": "author208@mail.com", "car": 57, "date_of_creation": "2022-01-01", "comment": "Comment text 208"}}, {"model": "app_car_reviews.reviews", "pk": 209, "fields": {"author_email": "author209@mail.com", "car": 84, "date_of_creation": "2022-01-21", "comment": "Comment text 209"}}, {"model": "app_car_reviews.reviews", "pk": 210, "fields": {"author_email": "author210@mail.com", "car": 89, "date_of_creation": "2022-03-02", "comment": "Comment text 210"}}, {"model": "app_car_reviews.reviews", "pk": 211, "fields": {"author_email": "author211@mail.com", "car": 58, "date_of_creation": "2022-01-23", "comment": "Comment text 211"}}, {"model": "app_car_reviews.reviews", "pk": 212, "fields": {"author_email": "author212@mail.com", "car": 28, "date_of_creation": "2022-01-17", "comment": "Comment text 212"}}, {"model": "app_car_reviews.reviews", "pk": 213, "fields": {"author_email": "author213@mail.com", "car": 26, "date_of_creation": "2022-02-23", "comment": "Comment text 213"}}, {"model": "app_car_reviews.reviews", "pk": 214, "fields": {"author_email": "author214@mail.com", "car": 52, "date_of_creation": "2022-03-27", "comment": "Comment text 214"}}, {"model": "app_car_reviews.reviews", "pk": 215, "fields": {"author_email": "author215@mail.com", "car": 80, "date_of_creation": "2022-01-14", "comment": "Comment text 215"}}, {"model": "app_car_reviews.reviews", "pk": 216, "fields": {"author_email": "author216@mail.com", "car": 14, "date_of_creation": "2022-03-12", "comment": "Comment text 216"}}, {"model": "app_car_reviews.reviews", "pk": 217, "fields": {"author_email": "author217@mail.com", "car": 88, "date_of_creation": "2022-03-19", "comment": "Comment text 217"}}, {"model": "app_car_reviews.reviews", "pk": 218, "fields": {"author_email": "author218@mail.com", "car": 24, "date_of_creation": "2022-01-16", "comment": "Comment text 218"}}, {"model": "app_car_reviews.reviews", "pk": 219, "fields": {"author_email": "author219@mail.com", "car": 29, "date_of_creation": "2022-01-06", "comment": "Comment text 219"}}, {"model": "app_car_reviews.reviews", "pk": 220, "fields": {"author_email": "author220@mail.com", "car": 74, "date_of_creation": "2022-01-13", "comment": "Comment text 220"}}, {"model": "app_car_reviews.reviews", "pk": 221, "fields": {"author_email": "author221@mail.com", "car": 86, "date_of_creation": "2022-02-17", "comment": "Comment text 221"}}, {"model": "app_car_reviews.reviews", "pk": 222, "fields": {"author_email": "author222@mail.com", "car": 45, "date_of_creation": "2022-01-03", "comment": "Comment text 222"}}, {"model": "app_car_reviews.reviews", "pk": 223, "fields": {"author_email": "author223@mail.com", "car": 50, "date_of_creation": "2022-03-23", "comment": "Comment text 223"}}, {"model": "app_car_reviews.reviews", "pk": 224, "fields": {"author_email": "author224@mail.com", "car": 1, "date_of_creation": "2022-01-21", "comment": "Comment text 224"}}, {"model": "app_car_reviews.reviews", "pk": 225, "fields": {"author_email": "author225@mail.com", "car": 52, "date_of_creation": "2022-03-23", "comment": "Comment text 225"}}, {"model": "app_car_reviews.reviews", "pk": 226, "fields": {"author_email": "author226@mail.com", "car": 52, "date_of_creation": "2022-03-08", "comment": "Comment text 226"}}, {"model": "app_car_reviews.reviews", "pk": 227, "fields": {"author_email": "author227@mail.com", "car": 64, "date_of_creation": "2022-03-26", "comment": "Comment text 227"}}, {"model": "app_car_reviews.reviews", "pk": 228, "fields": {"author_email": "author228@mail.com", "car": 29, "date_of_creation": "2022-03-15", "comment": "Comment text 228"}}, {"model": "app_car_reviews.reviews", "pk": 229, "fields": {"author_email": "author229@mail.com", "car": 21, "date_of_creation": "2022-02-10", "comment": "Comment text 229"}}, {"model": "app_car_reviews.reviews", "pk": 230, "fields": {"author_email": "author230@mail.com", "car": 48, "date_of_creation": "2022-01-09", "comment": "Comment text 230"}}, {"model": "app_car_reviews.reviews", "pk": 231, "fields": {"author_email": "author231@mail.com", "car": 31, "date_of_creation": "2022-02-10", "comment": "Comment text 231"}}, {"model": "app_car_reviews.reviews", "pk": 232, "fields": {"author_email": "author232@mail.com", "car": 33, "date_of_creation": "2022-02-15", "comment": "Comment text 232"}}, {"model": "app_car_reviews.reviews", "pk": 233, "fields": {"author_email": "author233@mail.com", "car": 56, "date_of_creation": "2022-03-13", "comment": "Comment text 233"}}, {"model": "app_car_reviews.reviews", "pk": 234, "fields": {"author_email": "author234@mail.com", "car": 94, "date_of_creation": "2022-03-09", "comment": "Comment text 234"}}, {"model": "app_car_reviews.reviews", "pk": 235, "fields": {"author_email": "author235@mail.com", "car": 30, "date_of_creation": "2022-02-09", "comment": "Comment text 235"}}, {"model": "app_car_reviews.reviews", "pk": 236, "fields": {"author_email": "author236@mail.com", "car": 11, "date_of_creation": "2022-02-24", "comment": "Comment text 236"}}, {"model": "app_car_reviews.reviews", "pk": 237, "fields": {"author_email": "author237@mail.com", "car": 91, "date_of_creation": "2022-01-22", "comment": "Comment text 237"}}, {"model": "app_car_reviews.reviews", "pk": 238, "fields": {"author_email": "author238@mail.com", "car": 29, "date_of_creation": "2022-02-07", "comment": "Comment text 238"}}, {"model": "app_car_reviews.reviews", "pk": 239, "fields": {"author_email": "author239@mail.com", "car": 6, "date_of_creation": "2022-03-15", "comment": "Comment text 239"}}, {"model": "app_car_reviews.reviews", "pk": 240, "fields": {"author_email": "author240@mail.com", "car": 13, "date_of_creation": "2022-01-21", "comment": "Comment text 240"}}, {"model": "app_car_reviews.reviews", "pk": 241, "fields": {"author_email": "author241@mail.com", "car": 52, "date_of_creation": "2022-02-27", "comment": "Comment text 241"}}, {"model": "app_car_reviews.reviews", "pk": 242, "fields": {"author_email": "author242@mail.com", "car": 5, "date_of_creation": "2022-02-23", "comment": "Comment text 242"}}, {"model": "app_car_reviews.reviews", "pk": 243, "fields": {"author_email": "author243@mail.com", "car": 5, "date_of_creation": "2022-03-19", "comment": "Comment text 243"}}, {"model": "app_car_reviews.reviews", "pk": 244, "fields": {"author_email": "author244@mail.com", "car": 97, "date_of_creation": "2022-03-15", "comment": "Comment text 244"}}, {"model": "app_car_reviews.reviews", "pk": 245, "fields": {"author_email": "author245@mail.com", "car": 76, "date_of_creation": "2022-02-09", "comment": "Comment text 245"}}, {"model": "app_car_reviews.reviews", "pk": 246, "fields": {"author_email": "author246@mail.com", "car": 2, "date_of_creation": "2022-02-02", "comment": "Comment text 246"}}, {"model": "app_car_reviews.reviews", "pk": 247, "fields": {"author_email": "author247@mail.com", "car": 57, "date_of_creation": "2022-01-28", "comment": "Comment text 247"}}, {"model": "app_car_reviews.reviews", "pk": 248, "fields": {"author_email": "author248@mail.com", "car": 75, "date_of_creation": "2022-01-15", "comment": "Comment text 248"}}, {"model": "app_car_reviews.reviews", "pk": 249, "fields": {"author_email": "author249@mail.com", "car": 35, "date_of_creation": "2022-02-09", "comment": "Comment text 249"}}, {"model": "app_car_reviews.reviews", "pk": 250, "fields": {"author_email": "author250@mail.com", "car": 59, "date_of_creation": "2022-01-06", "comment": "Comment text 250"}}, {"model": "app_car_reviews.reviews", "pk": 251, "fields": {"author_email": "author251@mail.com", "car": 24, "date_of_creation": "2022-03-14", "comment": "Comment text 251"}}, {"model": "app_car_reviews.reviews", "pk": 252, "fields": {"author_email": "author252@mail.com", "car": 58, "date_of_creation": "2022-03-08", "comment": "Comment text 252"}}, {"model": "app_car_reviews.reviews", "pk": 253, "fields": {"author_email": "author253@mail.com", "car": 68, "date_of_creation": "2022-02-06", "comment": "Comment text 253"}}, {"model": "app_car_reviews.reviews", "pk": 254, "fields": {"author_email": "author254@mail.com", "car": 65, "date_of_creation": "2022-02-05", "comment": "Comment text 254"}}, {"model": "app_car_reviews.reviews", "pk": 255, "fields": {"author_email": "author255@mail.com", "car": 30, "date_of_creation": "2022-02-23", "comment": "Comment text 255"}}, {"model": "app_car_reviews.reviews", "pk": 256, "fields": {"author_email": "author256@mail.com", "car": 24, "date_of_creation": "2022-03-22", "comment": "Comment text 256"}}, {"model": "app_car_reviews.reviews", "pk": 257, "fields": {"author_email": "author257@mail.com", "car": 52, "date_of_creation": "2022-02-21", "comment": "Comment text 257"}}, {"model": "app_car_reviews.reviews", "pk": 258, "fields": {"author_email": "author258@mail.com", "car": 21, "date_of_creation": "2022-03-09", "comment": "Comment text 258"}}, {"model": "app_car_reviews.reviews", "pk": 259, "fields": {"author_email": "author259@mail.com", "car": 74, "date_of_creation": "2022-03-14", "comment": "Comment text 259"}}, {"model": "app_car_reviews.reviews", "pk": 260, "fields": {"author_email": "author260@mail.com", "car": 90, "date_of_creation": "2022-01-23", "comment": "Comment text 260"}}, {"model": "app_car_reviews.reviews", "pk": 261, "fields": {"author_email": "author261@mail.com", "car": 66, "date_of_creation": "2022-02-01", "comment": "Comment text 261"}}, {"model": "app_car_reviews.reviews", "pk": 262, "fields": {"author_email": "author262@mail.com", "car": 98, "date_of_creation": "2022-01-13", "comment": "Comment text 262"}}, {"model": "app_car_reviews.reviews", "pk": 263, "fields": {"author_email": "author263@mail.com", "car": 87, "date_of_creation": "2022-01-31", "comment": "Comment text 263"}}, {"model": "app_car_reviews.reviews", "pk": 264, "fields": {"author_email": "author264@mail.com", "car": 73, "date_of_creation": "2022-02-08", "comment": "Comment text 264"}}, {"model": "app_car_reviews.reviews", "pk": 265, "fields": {"author_email": "author265@mail.com", "car": 83, "date_of_creation": "2022-03-07", "comment": "Comment text 265"}}, {"model": "app_car_reviews.reviews", "pk": 266, "fields": {"author_email": "author266@mail.com", "car": 36, "date_of_creation": "2022-02-28", "comment": "Comment text 266"}}, {"model": "app_car_reviews.reviews", "pk": 267, "fields": {"author_email": "author267@mail.com", "car": 9, "date_of_creation": "2022-02-06", "comment": "Comment text 267"}}, {"model": "app_car_reviews.reviews", "pk": 268, "fields": {"author_email": "author268@mail.com", "car": 9, "date_of_creation": "2022-02-01", "comment": "Comment text 268"}}, {"model": "app_car_reviews.reviews", "pk": 269, "fields": {"author_email": "author269@mail.com", "car": 55, "date_of_creation": "2022-03-10", "comment": "Comment text 269"}}, {"model": "app_car_reviews.reviews", "pk": 270, "fields": {"author_email": "author270@mail.com", "car": 62, "date_of_creation": "2022-02-22", "comment": "Comment text 270"}}, {"model": "app_car_reviews.reviews", "pk": 271, "fields": {"author_email": "author271@mail.com", "car": 24, "date_of_creation": "2022-01-20", "comment": "Comment text 271"}}, {"model": "app_car_reviews.reviews", "pk": 272, "fields": {"author_email": "author272@mail.com", "car": 94, "date_of_creation": "2022-03-21", "comment": "Comment text 272"}}, {"model": "app_car_reviews.reviews", "pk": 273, "fields": {"author_email": "author273@mail.com", "car": 71, "date_of_creation": "2022-01-25", "comment": "Comment text 273"}}, {"model": "app_car_reviews.reviews", "pk": 274, "fields": {"author_email": "author274@mail.com", "car": 78, "date_of_creation": "2022-01-11", "comment": "Comment text 274"}}, {"model": "app_car_reviews.reviews", "pk": 275, "fields": {"author_email": "author275@mail.com", "car": 80, "date_of_creation": "2022-02-13", "comment": "Comment text 275"}}, {"model": "app_car_reviews.reviews", "pk": 276, "fields": {"author_email": "author276@mail.com", "car": 5, "date_of_creation": "2022-03-20", "comment": "Comment text 276"}}, {"model": "app_car_reviews.reviews", "pk": 277, "fields": {"author_email": "author277@mail.com", "car": 41, "date_of_creation": "2022-02-19", "comment": "Comment text 277"}}, {"model": "app_car_reviews.reviews", "pk": 278, "fields": {"author_email": "author278@mail.com", "car": 1, "date_of_creation": "2022-01-20", "comment": "Comment text 278"}}, {"model": "app_car_reviews.reviews", "pk": 279, "fields": {"author_email": "author279@mail.com", "car": 99, "date_of_creation": "2022-02-08", "comment": "Comment text 279"}}, {"model": "app_car_reviews.reviews", "pk": 280, "fields": {"author_email": "author280@mail.com", "car": 78, "date_of_creation": "2022-01-03", "comment": "Comment text 280"}}, {"model": "app_car_reviews.reviews", "pk": 281, "fields": {"author_email": "author281@mail.com", "car": 22, "date_of_creation": "2022-03-14", "comment": "Comment text 281"}}, {"model": "app_car_reviews.reviews", "pk": 282, "fields": {"author_email": "author282@mail.com", "car": 75, "date_of_creation": "2022-02-04", "comment": "Comment text 282"}}, {"model": "app_car_reviews.reviews", "pk": 283, "fields": {"author_email": "author283@mail.com", "car": 5, "date_of_creation": "2022-03-11", "comment": "Comment text 283"}}, {"model": "app_car_reviews.reviews", "pk": 284, "fields": {"author_email": "author284@mail.com", "car": 61, "date_of_creation": "2022-01-04", "comment": "Comment text 284"}}, {"model": "app_car_reviews.reviews", "pk": 285, "fields": {"author_email": "author285@mail.com", "car": 4, "date_of_creation": "2022-03-01", "comment": "Comment text 285"}}, {"model": "app_car_reviews.reviews", "pk": 286, "fields": {"author_email": "author286@mail.com", "car": 49, "date_of_creation": "2022-01-28", "comment": "Comment text 286"}}, {"model": "app_car_reviews.reviews", "pk": 287, "fields": {"author_email": "author287@mail.com", "car": 86, "date_of_creation": "2022-01-31", "comment": "Comment text 287"}}, {"model": "app_car_reviews.reviews", "pk": 288, "fields": {"author_email": "author288@mail.com", "car": 15, "date_of_creation": "2022-02-08", "comment": "Comment text 288"}}, {"model": "app_car_reviews.reviews", "pk": 289, "fields": {"author_email": "author289@mail.com", "car": 12, "date_of_creation": "2022-03-01", "comment": "Comment text 289"}}, {"model": "app_car_reviews.reviews", "pk": 290, "fields": {"author_email": "author290@mail.com", "car": 80, "date_of_creation": "2022-03-13", "comment": "Comment text 290"}}, {"model": "app_car_reviews.reviews", "pk": 291, "fields": {"author_email": "author291@mail.com", "car": 63, "date_of_creation": "2022-02-20", "comment": "Comment text 291"}}, {"model": "app_car_reviews.reviews", "pk": 292, "fields": {"author_email": "author292@mail.com", "car": 35, "date_of_creation": "2022-01-31", "comment": "Comment text 292"}}, {"model": "app_car_reviews.reviews", "pk": 293, "fields": {"author_email": "author293@mail.com", "car": 53, "date_of_creation": "2022-03-04", "comment": "Comment text 293"}}, {"model": "app_car_reviews.reviews", "pk": 294, "fields": {"author_email": "author294@mail.com", "car": 9, "date_of_creation": "2022-03-22", "comment": "Comment text 294"}}, {"model": "app_car_reviews.reviews", "pk": 295, "fields": {"author_email": "author295@mail.com", "car": 11, "date_of_creation": "2022-01-15", "comment": "Comment text 295"}}, {"model": "app_car_reviews.reviews", "pk": 296, "fields": {"author_email": "author296@mail.com", "car": 79, "date_of_creation": "2022-03-25", "comment": "Comment text 296"}}, {"model": "app_car_reviews.reviews", "pk": 297, "fields": {"author_email": "author297@mail.com", "car": 26, "date_of_creation": "2022-01-02", "comment": "Comment text 297"}}, {"model": "app_car_reviews.reviews", "pk": 298, "fields": {"author_email": "author298@mail.com", "car": 5, "date_of_creation": "2022-03-13", "comment": "Comment text 298"}}, {"model": "app_car_reviews.reviews", "pk": 299, "fields": {"author_email": "author299@mail.com", "car": 68, "date_of_creation": "2022-03-09", "comment": "Comment text 299"}}]